gt_volume_ml,train_2023,test_2025_full,test_2025_matched
0-50,0.012658,0.269565,0.014493
50-100,0.299578,0.126087,0.304348
100-150,0.240506,0.091304,0.246377
150-200,0.236287,0.073913,0.173913
200-250,0.118143,0.126087,0.159420
250-300,0.059072,0.113043,0.072464
300-350,0.025316,0.078261,0.028986
350-400,0.000000,0.052174,0.000000
400-450,0.004219,0.034783,0.000000
450-500,0.004219,0.017391,0.000000
500-550,0.000000,0.004348,0.000000
550-600,0.000000,0.013043,0.000000
